<package>
    <id>com.thireus.hostscleaner </id>
    <name>HOST CLEANER</name>
    <version>1.0</version>
    <compatibility>
        <firmware>
            <miniOS>5.0</miniOS>
            <maxiOS>14.0</maxiOS>
            <otherVersions>unsupported</otherVersions>
            <!--
            for otherVersions, you can put either unsupported or unconfirmed
            -->
        </firmware>
    </compatibility>
    <dependencies></dependencies>
    <descriptionlist>
        <description> Restore your original /etc/hosts file
 INSTALL IT, THEN REMOVE IT. Hosts Cleaner is a script that resets your /etc/hosts file to its original state (default localhost entries). It also removes your /etc/hosts.lmb (LetMeBlock) symlink or file. DO NOT UPGRADE this package.
 .
 Bear in mind this package will remove all non-original Apple hosts entries (ocsp.apple.com is one of them).
 .
 It is advised to install this package before installing Untrusted Hosts Blocker to make sure your hosts file is clean and that other ad blocker tweaks won't interfere with it. This tweak can also help people who may have a corrupted or heavy hosts file (noticeable behaviours: connection issues or slow device).
 .
 You can also install this package to clean your /etc/hosts file. But if you have ad blockers installed such as 'Untrusted Hosts Blocker', you will simply have to reinstall them to add the blocked host entries back to your /etc/hosts file.
 .
 When installed: This package creates a backup of your current /etc/hosts file in /etc/hosts.thireus.hostscleaner.bak.
 .
 When uninstalled: This package only removes the backup file, understand that it will not restore your previous /etc/hosts. If you want to restore your previous /etc/hosts, do it manually with the backup file before uninstalling this package.
 .
 IMPORTANT: Once you are done fixing your hosts files please remove this package. DO NOT KEEP THIS PACKAGE. DO NOT UPGRADE this package (or it will flush your hosts file again)!
 .
 UPDATED: v1.0.4 (20/08/2016) - Original Apple hosts entries cleanup + host block count fixed.
 UPDATED: v1.1.0 (17/03/2019) - Compatibility with MUHB.
 UPDATED: v1.1.1 (17/03/2019) - killall mDNSResponder and killall discoveryd implemented.
 UPDATED: v1.1.2 (17/03/2019) - Minor improvements.
 UPDATED: v1.1.3 (17/03/2019) - Utilises force kill instead of soft kill for both mDNSResponder and discoveryd. Minor description changes.
 UPDATED: v1.2.0 (18/03/2019) - Compatibility with LetMeBlock 0.0.3 and higher.
 UPDATED: v1.2.1 (18/03/2019) - Added EUHB to the list of conflicts.
 UPDATED: v1.3.0 (23/03/2019) - Added several known bad adblockers to the list of conflicts.
 UPDATED: v1.3.1 (25/03/2019) - Added MUHB IPv4 Only conflict.
 UPDATED: v1.4.0 (25/03/2019) - Added more bad adblockers and adblocker flipswitches to the list of conflicts.
 UPDATED: v1.4.1 (28/03/2019) - Added more bad tweaks to the list of conflicts. </description>
    </descriptionlist>
    <screenshots>
	<screenshot>
			<description>This is a description for screenshot</description>
			<image>mod.jpg</image>
		</screenshot>	
	</screenshots>
    <changelog>
        <change>Initial release</change>
    </changelog>
    <links></links>
</package>