<package>
	<id> com.x204kr.magicz </id>
	<name>Pubg Korean menu mod v16</name>
	<version>1.0</version>
	<compatibility>
		<firmware>
			<maxiOS>14.0</maxiOS>
			<otherVersions>unsupported</otherVersions>
			<!--
			for otherVersions, you can put either unsupported or unconfirmed
			-->
		</firmware>
	</compatibility>
	<dependencies></dependencies>
	<descriptionlist>
		<description>PUBG KOREAN no recoil no grass x2.3</description>
	</descriptionlist>
	<changelog>
		<change>Initial release</change>
	</changelog>
	<links></links>
</package>